{"percent_x": 0.3261538461538461, "percent_y": 0.2556987115956392}